{"cameraMode":{"drawMode":0,"name":"Shaded","section":"Shading Mode"},"sceneLighting":false,"audioPlay":false,"sceneViewState":{"showFog":true,"showMaterialUpdate":true,"showSkybox":true,"showFlares":true,"showImageEffects":true,"showParticleSystems":true},"in2DMode":false,"pivot":{"x":-30.416709899902345,"y":6.135002136230469,"z":8.39574146270752},"rotation":{"x":0.06635379046201706,"y":0.8461225032806397,"z":-0.10846905410289765,"w":0.5175986886024475},"size":17.6931095123291,"orthographic":false}