{"cameraMode":{"drawMode":0,"name":"Shaded","section":"Shading Mode"},"sceneLighting":false,"audioPlay":false,"sceneViewState":{"showFog":true,"showMaterialUpdate":true,"showSkybox":true,"showFlares":true,"showImageEffects":true,"showParticleSystems":true},"in2DMode":false,"pivot":{"x":-38.46990203857422,"y":5.773111343383789,"z":5.883502960205078},"rotation":{"x":0.3969631493091583,"y":0.5632879734039307,"z":-0.3534652888774872,"w":0.6326051950454712},"size":6.822708606719971,"orthographic":false}