{"cameraMode":{"drawMode":0,"name":"Shaded","section":"Shading Mode"},"sceneLighting":false,"audioPlay":false,"sceneViewState":{"showFog":true,"showMaterialUpdate":true,"showSkybox":true,"showFlares":true,"showImageEffects":true,"showParticleSystems":true},"in2DMode":false,"pivot":{"x":-29.540000915527345,"y":7.590000152587891,"z":6.760000228881836},"rotation":{"x":0.15567126870155335,"y":-0.15927310287952424,"z":0.02544252946972847,"w":0.9745518565177918},"size":4.429975986480713,"orthographic":true}