{"cameraMode":{"drawMode":0,"name":"Shaded","section":"Shading Mode"},"sceneLighting":false,"audioPlay":false,"sceneViewState":{"showFog":true,"showMaterialUpdate":true,"showSkybox":true,"showFlares":true,"showImageEffects":true,"showParticleSystems":true},"in2DMode":false,"pivot":{"x":51.66221618652344,"y":3.9883460998535158,"z":-26.005760192871095},"rotation":{"x":-0.03150505572557449,"y":-0.9667671918869019,"z":0.14759624004364015,"w":-0.20635896921157838},"size":17.994884490966798,"orthographic":false}