{"cameraMode":{"drawMode":0,"name":"Shaded","section":"Shading Mode"},"sceneLighting":true,"audioPlay":false,"sceneViewState":{"showFog":true,"showMaterialUpdate":true,"showSkybox":true,"showFlares":true,"showImageEffects":true,"showParticleSystems":true},"in2DMode":false,"pivot":{"x":20.74319076538086,"y":-28.60236358642578,"z":23.52765655517578},"rotation":{"x":0.4205195903778076,"y":0.03672867640852928,"z":-0.017040228471159936,"w":0.9063796401023865},"size":245.1024169921875,"orthographic":false}