{"cameraMode":{"drawMode":0,"name":"Shaded","section":"Shading Mode"},"sceneLighting":false,"audioPlay":false,"sceneViewState":{"showFog":true,"showMaterialUpdate":true,"showSkybox":true,"showFlares":true,"showImageEffects":true,"showParticleSystems":true},"in2DMode":false,"pivot":{"x":-34.58000183105469,"y":7.599999904632568,"z":7.070000171661377},"rotation":{"x":-0.14460161328315736,"y":-0.20936168730258943,"z":0.03131984546780586,"w":-0.9665801525115967},"size":2.8578848838806154,"orthographic":false}